date,open,high,low,close,volume,symbol
2022-01-03,100.0,101.09850524606348,99.72090311578643,101.0688331529569,4876181,DEMO
2022-01-04,101.0688331529569,102.23188150075916,101.05546408682281,102.1023216791162,1735048,DEMO
2022-01-05,102.1023216791162,103.2848232890901,102.03289569816697,102.58695799494362,1194981,DEMO
2022-01-06,102.58695799494362,102.72944985922724,99.06253136472054,99.16085039751536,2827104,DEMO
2022-01-07,99.16085039751536,100.34844785527025,99.11847414395585,100.05734461347748,4554706,DEMO
2022-01-10,100.05734461347748,100.29226574084139,99.55278455048156,99.9894458970697,3088543,DEMO
2022-01-11,99.9894458970697,100.3348790193807,97.68407387024821,98.25067363018086,1146655,DEMO
2022-01-12,98.25067363018086,99.3778975066766,97.90348269991202,99.35638144032703,3883980,DEMO
2022-01-13,99.35638144032703,99.6819290040381,97.7560911370312,98.35680501308379,2238180,DEMO
2022-01-14,98.35680501308379,102.62306400283754,98.1738829345592,102.31765661939862,2741308,DEMO
2022-01-17,102.31765661939862,102.32329575556206,100.8734784940609,101.04064782851518,2446134,DEMO
2022-01-18,101.04064782851518,101.62666882076581,97.40916826439665,97.4173684419019,2813564,DEMO
2022-01-19,97.4173684419019,98.09318529892056,97.30786207277546,97.93321801246798,3889353,DEMO
2022-01-20,97.93321801246798,98.86066505553477,97.52980103788636,98.37289791414138,4327759,DEMO
2022-01-21,98.37289791414138,100.64281882051519,98.19543312936996,100.44960529588576,4343892,DEMO
2022-01-24,100.44960529588576,100.68520506740872,100.21194121222632,100.42063502203189,1579644,DEMO
2022-01-25,100.42063502203189,100.6777636202457,97.71648557942613,98.071029229954,2134030,DEMO
2022-01-26,98.071029229954,98.2567258241211,97.46831969622475,97.90639478586648,3936670,DEMO
2022-01-27,97.90639478586648,98.4654938188996,96.92256753700732,97.40774472828257,3509292,DEMO
2022-01-28,97.40774472828257,99.52130313126843,96.47909756597532,99.05519316638242,2705678,DEMO
2022-01-31,99.05519316638242,100.4116224162081,99.03826940584611,100.12921074345813,3088128,DEMO
2022-02-01,100.12921074345813,101.72968344509812,99.85696477406692,101.14792901679088,4383892,DEMO
2022-02-02,101.14792901679088,102.87226399857295,100.85319341852113,102.56193323638738,3643152,DEMO
2022-02-03,102.56193323638738,102.7925926880186,98.83173172481327,99.34908688303703,2959976,DEMO
2022-02-04,99.34908688303703,99.3830452134676,97.07412622062316,97.55732033979365,4477631,DEMO
2022-02-07,97.55732033979365,98.77684794077335,97.32292141694438,98.67717795000135,2350663,DEMO
2022-02-08,98.67717795000135,98.91881446384926,97.94703783389204,98.08220449844858,2828792,DEMO
2022-02-09,98.08220449844858,99.02652389128846,97.3899727605597,98.85514638184888,1060798,DEMO
2022-02-10,98.85514638184888,99.92975388825325,98.61370924471919,99.90308183210459,3321819,DEMO
2022-02-11,99.90308183210459,101.51186699750535,99.88575419187713,101.05690121786448,4380534,DEMO
2022-02-14,101.05690121786448,101.7712281119676,100.96954015565483,101.32826212915529,2479243,DEMO
2022-02-15,101.32826212915529,101.90212454473185,98.73463785392686,99.14925536451801,2686888,DEMO
2022-02-16,99.14925536451801,99.64506562453246,99.10803597312453,99.34449066530875,2732781,DEMO
2022-02-17,99.34449066530875,100.80454521792956,98.92306600104533,100.41295844543417,2111598,DEMO
2022-02-18,100.41295844543417,101.76153394493234,100.3329615456332,101.32436650253271,1891017,DEMO
2022-02-21,101.32436650253271,101.79149585425843,99.96478484468189,100.30556810719132,1552087,DEMO
2022-02-22,100.30556810719132,100.59978103140148,100.02507031858484,100.31361852758229,4314041,DEMO
2022-02-23,100.31361852758229,101.38370837555071,100.21226243955219,101.05127087135446,1776065,DEMO
2022-02-24,101.05127087135446,102.84980565133698,100.959034114632,102.40455901608061,3381705,DEMO
2022-02-25,102.40455901608061,104.90341541187578,101.95892690721878,104.67382455127395,3497071,DEMO
2022-02-28,104.67382455127395,105.86175798476091,104.19609706037683,105.50141923874453,2654053,DEMO
2022-03-01,105.50141923874453,108.88167000165974,105.26939250150134,108.69656179603906,4239811,DEMO
2022-03-02,108.69656179603906,111.11804019447972,108.17831486383847,110.24832901423743,1952828,DEMO
2022-03-03,110.24832901423743,110.68924883361392,109.52350064779266,110.35753769697072,4594599,DEMO
2022-03-04,110.35753769697072,110.92236630653161,109.9933297758309,110.13897728947518,4863434,DEMO
2022-03-07,110.13897728947518,113.2716351391407,109.92939748905742,113.11281074904379,3066942,DEMO
2022-03-08,113.11281074904379,115.55959398479828,113.1044773149251,115.49803701907808,1226801,DEMO
2022-03-09,115.49803701907808,115.52854380558817,114.4679769950172,114.47023880572087,3669813,DEMO
2022-03-10,114.47023880572087,116.43453196223747,113.87880125901069,116.38446635091609,4247927,DEMO
2022-03-11,116.38446635091609,116.68278850743745,114.04015982924814,114.0601014709575,1752535,DEMO
2022-03-14,114.0601014709575,116.95583477015882,113.96431063752549,116.85969708314211,4253421,DEMO
2022-03-15,116.85969708314211,117.10466621030633,114.5437901153495,114.5870064292274,2300061,DEMO
2022-03-16,114.5870064292274,117.5166233529231,113.85281999917933,117.3014296944007,1854996,DEMO
2022-03-17,117.3014296944007,120.46979669275804,117.2871400666508,120.01215275668144,1073395,DEMO
2022-03-18,120.01215275668144,120.20905772932534,118.67277229228198,119.22521593997746,2974564,DEMO
2022-03-21,119.22521593997746,123.95824725977931,119.06785643115623,123.52456715829929,3897991,DEMO
2022-03-22,123.52456715829929,125.32569327445894,123.33539396076888,124.98641131910358,4088293,DEMO
2022-03-23,124.98641131910358,125.67928833387826,123.5303396542909,123.94865104080488,2570077,DEMO
2022-03-24,123.94865104080488,128.10227336805784,123.63308704060405,127.5015585169162,1829004,DEMO
2022-03-25,127.5015585169162,127.63513959340807,124.08841980096126,124.30755600636239,2101876,DEMO
2022-03-28,124.30755600636239,124.80130564089856,124.08283817071641,124.32045916584173,4294826,DEMO
2022-03-29,124.32045916584173,130.7825699873295,123.84117518280108,129.9807589968199,2689794,DEMO
2022-03-30,129.9807589968199,130.02302880109576,127.05126360938185,127.43533932890749,4151536,DEMO
2022-03-31,127.43533932890749,128.64522381942888,126.9384788119731,128.47413762646138,1020986,DEMO
2022-04-01,128.47413762646138,130.3481198447835,128.10643829827075,130.2203379644775,4759735,DEMO
2022-04-04,130.2203379644775,130.68370963137247,127.5109616816057,127.97498768515145,1005702,DEMO
2022-04-05,127.97498768515145,128.25341978539657,127.26742594063857,127.54240610609111,2557356,DEMO
2022-04-06,127.54240610609111,127.8351188391898,123.54115036201425,123.97146991917455,2610850,DEMO
2022-04-07,123.97146991917455,124.59599406265788,122.78411047225022,123.02480072643984,3611600,DEMO
2022-04-08,123.02480072643984,123.25324002890214,119.03498052662192,119.25678268098255,4887899,DEMO
2022-04-11,119.25678268098255,120.02687733465345,118.98292049650682,120.0178846577146,3435388,DEMO
2022-04-12,120.0178846577146,120.48181977579002,119.1517936730029,119.17102665762717,4546178,DEMO
2022-04-13,119.17102665762717,119.8667047023138,115.51962808777594,115.61909762609291,4773867,DEMO
2022-04-14,115.61909762609291,116.87143069327159,114.35930994818257,116.15698019073069,4699771,DEMO
2022-04-15,116.15698019073069,116.66564981444407,114.57426837093104,115.64719906454437,3449655,DEMO
2022-04-18,115.64719906454437,119.40387005703604,115.62039031104828,118.6394306788193,3093570,DEMO
2022-04-19,118.6394306788193,123.13764830153336,118.53112280579295,122.48739874113527,1515881,DEMO
2022-04-20,122.48739874113527,122.56592277844028,122.22571081976514,122.31470792211071,2100205,DEMO
2022-04-21,122.31470792211071,123.05863900489588,118.0640437868637,118.49781805292436,3614080,DEMO
2022-04-22,118.49781805292436,121.98853595135391,118.28617425775415,121.69087451919667,2091822,DEMO
2022-04-25,121.69087451919667,122.02235462896594,116.60620963246463,116.64676300814575,4959894,DEMO
2022-04-26,116.64676300814575,117.12542355001709,116.0976925369335,116.1241141905048,1228045,DEMO
2022-04-27,116.1241141905048,116.302660030791,114.99181034742021,115.53569651365798,2419058,DEMO
2022-04-28,115.53569651365798,118.45965664141937,115.06077207110398,118.3083293053187,2834819,DEMO
2022-04-29,118.3083293053187,121.27810212732425,117.86198148095045,120.71843560265333,3531358,DEMO
2022-05-02,120.71843560265333,121.32111732178886,120.6979013592379,121.00519463641156,3436722,DEMO
2022-05-03,121.00519463641156,122.34501590685832,120.4284654873986,122.06268906094223,1490315,DEMO
2022-05-04,122.06268906094223,122.2020462024454,119.9501796246686,120.0201471515736,1197711,DEMO
2022-05-05,120.0201471515736,120.15447165985132,117.68941070647037,118.04617114281628,2226301,DEMO
2022-05-06,118.04617114281628,118.49665959815552,114.10996320967891,114.50131104168685,4117757,DEMO
2022-05-09,114.50131104168685,116.83420970426751,114.17620029462647,116.7830628265975,4858561,DEMO
2022-05-10,116.7830628265975,116.80965216603974,115.6149434133858,116.09385939296908,3012839,DEMO
2022-05-11,116.09385939296908,117.05845178123353,112.29044648597508,112.78788897506955,2606643,DEMO
2022-05-12,112.78788897506955,113.22193977615287,111.30066586379154,111.98705588870251,2860379,DEMO
2022-05-13,111.98705588870251,114.11407323679778,111.98277221437766,113.5770320240524,1095044,DEMO
2022-05-16,113.5770320240524,116.7253262974535,113.25094222297497,116.46470823995925,1422794,DEMO
2022-05-17,116.46470823995925,116.97805019736121,113.85478490447862,114.12260968660344,3824080,DEMO
2022-05-18,114.12260968660344,119.25720051829694,113.69110212115817,119.17510241717093,3564785,DEMO
2022-05-19,119.17510241717093,121.9678848177946,118.73084027661768,121.62572535135611,3547349,DEMO
2022-05-20,121.62572535135611,121.86488954922036,121.13878545390752,121.35282566962329,2898611,DEMO
2022-05-23,121.35282566962329,122.23276848969223,120.69129730867483,121.16020660489953,3600687,DEMO
2022-05-24,121.16020660489953,122.05151275922277,120.8548804405503,121.35466112724482,4310903,DEMO
2022-05-25,121.35466112724482,122.41521180297578,116.89809256405296,118.06194753412922,1154408,DEMO
2022-05-26,118.06194753412922,118.61947764800912,117.99110608371181,118.56996687975108,3912804,DEMO
2022-05-27,118.56996687975108,118.81294745766077,114.72776307152068,114.99246567884033,2636813,DEMO
2022-05-30,114.99246567884033,115.19289243500167,113.82523341778419,114.09377796810821,2093442,DEMO
2022-05-31,114.09377796810821,114.86923836619322,112.82921326688596,114.64236034073215,3804516,DEMO
2022-06-01,114.64236034073215,116.91553570672355,114.22984025675474,116.2362212515922,4624947,DEMO
2022-06-02,116.2362212515922,118.24611420414355,115.88303694297865,117.91732296149236,3212378,DEMO
2022-06-03,117.91732296149236,118.35408286974591,117.40337241679836,117.4186952350891,3771841,DEMO
2022-06-06,117.4186952350891,117.83000747470223,113.41277453766821,113.4818677187997,1710911,DEMO
2022-06-07,113.4818677187997,113.95448923371744,111.77124142853914,112.3835760719144,2577323,DEMO
2022-06-08,112.3835760719144,114.98101058684095,111.8492745354765,114.9697912040159,3375495,DEMO
2022-06-09,114.9697912040159,115.17336568119464,114.20070466605416,114.57655479828244,1444562,DEMO
2022-06-10,114.57655479828244,114.62079862429826,113.82171356368063,114.4647023276024,4236150,DEMO
2022-06-13,114.4647023276024,117.74822296368097,113.78190994734726,117.39877855500038,2840382,DEMO
2022-06-14,117.39877855500038,117.70843242386063,115.33744196525318,115.35408758689577,1328925,DEMO
2022-06-15,115.35408758689577,117.39330581456869,115.08605763718295,117.34635016732317,2876874,DEMO
2022-06-16,117.34635016732317,119.47921509083673,117.08544305543093,119.29330994140317,4017630,DEMO
2022-06-17,119.29330994140317,119.8839720668952,115.12085618597446,115.44616073021514,3791033,DEMO
2022-06-20,115.44616073021514,119.4019349686156,114.74400060536443,118.37224017730539,4696445,DEMO
2022-06-21,118.37224017730539,118.80341118071826,117.51363368199448,117.56813673851845,2369649,DEMO
2022-06-22,117.56813673851845,117.57594918008695,114.58623512488236,115.13425739674825,1424929,DEMO
2022-06-23,115.13425739674825,115.87819661566236,112.27519981419039,112.52573465550584,1849116,DEMO
2022-06-24,112.52573465550584,113.53985285543925,108.7590694017692,108.93377650299946,4151945,DEMO
2022-06-27,108.93377650299946,109.08980233169336,108.4353962315308,108.6719832622341,4579424,DEMO
2022-06-28,108.6719832622341,110.28826126006055,108.3082116562288,109.65303313434491,2299166,DEMO
2022-06-29,109.65303313434491,109.79518439397411,107.78813627919634,107.79552212617153,4440237,DEMO
2022-06-30,107.79552212617153,108.34133423195095,105.11509506941171,105.42003336988046,3276037,DEMO
2022-07-01,105.42003336988046,105.62133678835943,101.49423929859745,101.91327674838357,1771356,DEMO
2022-07-04,101.91327674838357,102.05399420212204,101.06320387954354,101.37280254260368,4467302,DEMO
2022-07-05,101.37280254260368,102.61502559484575,101.12615226159382,102.5537997398701,4311949,DEMO
2022-07-06,102.5537997398701,105.83789770555022,102.32926143765927,105.49415048825296,1265997,DEMO
2022-07-07,105.49415048825296,107.48401955062923,104.9845095870216,106.7666106905148,2527956,DEMO
2022-07-08,106.7666106905148,106.89372073283408,102.48441751669907,103.05869084672193,3368727,DEMO
2022-07-11,103.05869084672193,103.80494249232922,101.80319452945092,101.91106506535624,1888442,DEMO
2022-07-12,101.91106506535624,102.06675740400219,100.66569902010283,100.92587287164585,2237405,DEMO
2022-07-13,100.92587287164585,101.35541063023534,100.79932295212926,100.91367843419847,1093014,DEMO
2022-07-14,100.91367843419847,100.92739716202134,98.17838466604913,98.58842503490796,2165447,DEMO
2022-07-15,98.58842503490796,99.14567830169152,96.84396921033886,96.8678738028959,1991256,DEMO
2022-07-18,96.8678738028959,99.64516876563545,96.59363893869498,99.4270362760268,1703533,DEMO
2022-07-19,99.4270362760268,101.72331489708347,99.13747882331798,101.16812454845153,4339556,DEMO
2022-07-20,101.16812454845153,101.92672715061828,96.83457399875756,97.25258671763883,1744152,DEMO
2022-07-21,97.25258671763883,100.30173651378779,96.76386047411536,99.58016622269675,1587774,DEMO
2022-07-22,99.58016622269675,101.85448453471236,99.26698832716923,101.7424165670758,3652846,DEMO
2022-07-25,101.7424165670758,103.90839071624515,101.72297914391399,103.36244016835118,2043598,DEMO
2022-07-26,103.36244016835118,106.41547151832833,102.80841358685485,106.3588803993189,2703847,DEMO
2022-07-27,106.3588803993189,109.6188535483681,106.21969989666147,109.17775851685093,1095704,DEMO
2022-07-28,109.17775851685093,112.35449882296851,109.05594801252902,111.98930328565605,1790414,DEMO
2022-07-29,111.98930328565605,112.18528709283144,110.06256005929039,110.14823822006451,2462560,DEMO
2022-08-01,110.14823822006451,110.70431809191133,109.40366417446725,109.82941378895804,2731363,DEMO
2022-08-02,109.82941378895804,110.19350292399456,109.09990465571019,109.18023695425293,2907668,DEMO
2022-08-03,109.18023695425293,110.95172804052848,108.54484607132981,110.8064981157379,1645181,DEMO
2022-08-04,110.8064981157379,111.25156462416882,110.2237712383589,110.88946659139997,1427430,DEMO
2022-08-05,110.88946659139997,111.04039772677784,108.09124154424299,108.46061926832263,2658213,DEMO
2022-08-08,108.46061926832263,109.64818450519722,108.27284733227997,109.40754403350707,2334466,DEMO
2022-08-09,109.40754403350707,110.0657735325584,106.57810902116533,107.1236147301571,3391403,DEMO
2022-08-10,107.1236147301571,108.28150043755072,106.5932360665421,108.27850981062853,1151712,DEMO
2022-08-11,108.27850981062853,108.38693786474455,106.938774367517,107.05778822450812,2528566,DEMO
2022-08-12,107.05778822450812,107.5061777119201,105.99788408366429,106.69809669365962,1568323,DEMO
2022-08-15,106.69809669365962,107.52213327003395,106.55340238434708,107.37681189639974,3374648,DEMO
2022-08-16,107.37681189639974,109.79767888762001,106.89284076145157,109.51050573640303,2780488,DEMO
2022-08-17,109.51050573640303,109.6912253671131,108.3597644282265,108.70212638006545,4145773,DEMO
2022-08-18,108.70212638006545,108.96019406947724,106.08758669389871,106.415922522928,2061290,DEMO
2022-08-19,106.415922522928,106.90659534688507,105.64359984231696,106.6092424726913,2419988,DEMO
2022-08-22,106.6092424726913,108.48381535898497,106.09730440209451,108.32401176467715,2871188,DEMO
2022-08-23,108.32401176467715,108.39217375757804,107.96322572007689,108.3176523616213,4618049,DEMO
2022-08-24,108.3176523616213,108.71009279246611,107.45803232708067,107.57866313689064,2793409,DEMO
2022-08-25,107.57866313689064,107.96616051791193,106.35346118105323,107.18288473988571,1250856,DEMO
2022-08-26,107.18288473988571,107.31051564321922,104.60450383076262,105.08032903121565,3431565,DEMO
2022-08-29,105.08032903121565,106.27352989947555,105.04295854122296,106.23209365692303,1100179,DEMO
2022-08-30,106.23209365692303,107.15609636538471,104.10124817274122,104.29202212854716,1286821,DEMO
2022-08-31,104.29202212854716,104.52063179223859,102.78742205225012,103.41679016186008,3016759,DEMO
2022-09-01,103.41679016186008,103.87456752265938,100.6801829924947,101.13992129318324,2560576,DEMO
2022-09-02,101.13992129318324,105.33137803747327,101.03238635475974,104.78393967486663,3164264,DEMO
2022-09-05,104.78393967486663,106.94712109082953,104.03639965671833,106.3308322232949,4165421,DEMO
2022-09-06,106.3308322232949,106.4536699412911,105.47532466168522,105.50285453522268,3862768,DEMO
2022-09-07,105.50285453522268,107.96316927092539,105.01231105191712,107.91577503256879,1764669,DEMO
2022-09-08,107.91577503256879,108.39662049181214,107.76259495839653,108.03610268494594,3755167,DEMO
2022-09-09,108.03610268494594,112.65154110289961,108.02395869478642,112.49930074896938,3693466,DEMO
2022-09-12,112.49930074896938,112.91545781500126,111.31472630149534,111.96486974842573,1287232,DEMO
2022-09-13,111.96486974842573,112.46073991934091,109.10519166716482,109.27362509351296,3277739,DEMO
2022-09-14,109.27362509351296,111.91071499440645,108.52236274435955,111.73387559338987,1600055,DEMO
2022-09-15,111.73387559338987,113.10391267086456,110.94208068273765,113.03690390965116,1809618,DEMO
2022-09-16,113.03690390965116,116.12648347476427,112.59747999597039,115.75763596414238,1540056,DEMO
2022-09-19,115.75763596414238,115.82222498285658,113.34283573834188,113.62348279923897,2016098,DEMO
2022-09-20,113.62348279923897,114.77749304626154,113.51395457926452,114.7345953958858,2122294,DEMO
2022-09-21,114.7345953958858,116.33724802723974,114.61045370809701,116.17859023130012,1993451,DEMO
2022-09-22,116.17859023130012,116.56561434882366,114.30861749095969,114.90836702431838,2647258,DEMO
2022-09-23,114.90836702431838,114.9428372081867,111.03808254681219,111.33570056798663,2363437,DEMO
2022-09-26,111.33570056798663,111.67261540691561,109.94468761240773,110.88999304778449,3978320,DEMO
2022-09-27,110.88999304778449,111.42019139248974,110.87297430990934,111.14450816750436,2999090,DEMO
2022-09-28,111.14450816750436,111.40450691433799,111.08749457381867,111.29681122471207,4237484,DEMO
2022-09-29,111.29681122471207,112.45633855649871,111.28811319244834,112.39096742290975,2717743,DEMO
2022-09-30,112.39096742290975,112.39185058375672,110.57834052989328,110.59474784088319,2070419,DEMO
2022-10-03,110.59474784088319,116.10338034707328,110.54568560411622,115.94869336533526,2640256,DEMO
2022-10-04,115.94869336533526,116.68751391961148,115.26507758173068,115.55129409859167,3800261,DEMO
2022-10-05,115.55129409859167,116.18675411956384,114.81343634321458,115.80276387530276,3513135,DEMO
2022-10-06,115.80276387530276,116.3222230462687,115.22452848615339,116.30993004348181,1920182,DEMO
2022-10-07,116.30993004348181,117.50222432587081,116.05282294765155,117.3550593237856,3799442,DEMO
2022-10-10,117.3550593237856,117.36523928833893,114.26103221216772,114.3293575004224,1687171,DEMO
2022-10-11,114.3293575004224,114.67313990980519,113.60816766575645,113.82478288232699,2814064,DEMO
2022-10-12,113.82478288232699,118.78024754901196,112.48135738626642,117.30849164145376,2238106,DEMO
2022-10-13,117.30849164145376,119.92218431863155,117.11329285994539,119.6087651454786,1824108,DEMO
2022-10-14,119.6087651454786,119.98957142297803,118.30027288626012,118.73581966196208,3292500,DEMO
2022-10-17,118.73581966196208,119.70722321221517,118.2779755705882,119.62861019571073,4215794,DEMO
2022-10-18,119.62861019571073,123.46567711676379,119.50619745078022,122.6734395258564,3006518,DEMO
2022-10-19,122.6734395258564,123.07317301822397,120.97395853942132,121.28275329801954,1927019,DEMO
2022-10-20,121.28275329801954,124.10801153533917,120.8854753693955,123.720027927729,2427848,DEMO
2022-10-21,123.720027927729,127.97144407118077,123.56626631339718,127.06317088743145,1019231,DEMO
2022-10-24,127.06317088743145,127.83191264773272,126.71740466173593,127.68243266663505,4293148,DEMO
2022-10-25,127.68243266663505,128.11272699590057,127.17131273484993,127.98881518154236,4248416,DEMO
2022-10-26,127.98881518154236,129.5468327248755,127.19783000571255,129.04307805366324,1179960,DEMO
2022-10-27,129.04307805366324,129.32295467320517,126.20184286547331,127.37637653037179,1541672,DEMO
2022-10-28,127.37637653037179,127.5486066269942,124.29856932600354,125.03121035932789,2503777,DEMO
2022-10-31,125.03121035932789,126.50353477211209,124.99755167354846,125.73635847271791,2003460,DEMO
2022-11-01,125.73635847271791,127.99497015223206,125.27706340573602,127.64511409490672,1821344,DEMO
2022-11-02,127.64511409490672,128.2281694257627,125.85406550631464,126.51914019555616,2815874,DEMO
2022-11-03,126.51914019555616,131.03243746949448,125.41571650139423,131.01957039797355,2091844,DEMO
2022-11-04,131.01957039797355,131.02488902399432,126.78605784203823,127.53870566149283,1903504,DEMO
2022-11-07,127.53870566149283,130.83056641563255,127.03222249760977,129.89317245709896,4447974,DEMO
2022-11-08,129.89317245709896,130.61283759301114,126.0217997411846,126.12068709014703,4556186,DEMO
2022-11-09,126.12068709014703,126.80605569241102,122.60263418363239,123.15796771816173,1232685,DEMO
2022-11-10,123.15796771816173,123.26921531532315,121.15767406473428,121.86617169865804,4555939,DEMO
2022-11-11,121.86617169865804,122.00327279404888,118.02170067553901,118.22465359984115,1005172,DEMO
2022-11-14,118.22465359984115,118.61985838830533,118.0626666803872,118.46320553674457,2185078,DEMO
2022-11-15,118.46320553674457,118.55680837183884,116.76514928050587,117.44151623403826,3772084,DEMO
2022-11-16,117.44151623403826,118.07532612781358,116.63259583990948,116.68551000397692,4372263,DEMO
2022-11-17,116.68551000397692,119.00115700386391,116.46314337756728,118.78880219729776,4638800,DEMO
2022-11-18,118.78880219729776,121.73161289930084,118.75492137426521,121.39708990552757,2232729,DEMO
2022-11-21,121.39708990552757,123.60026748543851,121.15994223805679,123.19465212606072,3402642,DEMO
2022-11-22,123.19465212606072,123.21323279623702,122.28388539959464,122.60865533568754,3408846,DEMO
2022-11-23,122.60865533568754,125.20295491883137,120.55030180964339,124.54003330645793,2911106,DEMO
2022-11-24,124.54003330645793,124.56528617111351,121.90852666700403,122.70735588386779,2789324,DEMO
2022-11-25,122.70735588386779,125.19585895824291,122.40825110834142,125.03192040943479,3400397,DEMO
2022-11-28,125.03192040943479,125.4738671209539,124.14687862175613,124.17150348570983,1125921,DEMO
2022-11-29,124.17150348570983,124.71541269305648,119.67686339782355,119.6879209910748,1184809,DEMO
2022-11-30,119.6879209910748,119.82294831019983,115.22276685667364,115.24170668597323,4060853,DEMO
2022-12-01,115.24170668597323,116.18613911211557,113.61368414011352,113.66151582381573,4021592,DEMO
2022-12-02,113.66151582381573,113.80408039633363,112.45755909949116,112.88921065293421,4017993,DEMO
2022-12-05,112.88921065293421,114.32867724739491,112.56153527204366,113.83340466559125,3010713,DEMO
2022-12-06,113.83340466559125,113.84520300246481,112.96442300411293,113.31494544886013,1469333,DEMO
2022-12-07,113.31494544886013,113.45693026178336,110.8244871470385,111.01659282746344,1159443,DEMO
2022-12-08,111.01659282746344,111.94251676031953,110.84477373025778,111.40978533408249,1612417,DEMO
2022-12-09,111.40978533408249,112.65885456770968,111.32024134405108,112.21179458370727,2324716,DEMO
2022-12-12,112.21179458370727,114.2665934079945,111.76852948267069,113.97062200952749,2052907,DEMO
2022-12-13,113.97062200952749,120.695134105881,113.78599606122094,120.17416658592172,1472857,DEMO
2022-12-14,120.17416658592172,121.30874281391797,119.81070863496954,121.13406053376414,3269778,DEMO
2022-12-15,121.13406053376414,121.14415666465656,118.33434119291222,119.00443675404163,1603292,DEMO
2022-12-16,119.00443675404163,119.51159905148191,118.52536767214113,119.32291482050249,4923003,DEMO
2022-12-19,119.32291482050249,121.44088500114817,119.0934389948723,120.67653056509883,4068211,DEMO
2022-12-20,120.67653056509883,121.34293070001965,120.34459081496475,121.22598504674333,1535794,DEMO
2022-12-21,121.22598504674333,121.74437955124603,118.51093844488527,118.78688161431204,2989104,DEMO
2022-12-22,118.78688161431204,118.84870074109196,117.59062853309563,117.76021864036846,3132899,DEMO
2022-12-23,117.76021864036846,118.32728949398121,117.7491417424322,117.825632914529,1276508,DEMO
2022-12-26,117.825632914529,120.5886701903381,117.81066027681261,120.32332327000775,2228395,DEMO
2022-12-27,120.32332327000775,121.86627850690633,120.13730055615427,121.7710961215491,1950525,DEMO
2022-12-28,121.7710961215491,128.58104561697903,121.58004269150479,128.07332654347775,3150168,DEMO
2022-12-29,128.07332654347775,128.65164171807234,127.34227311132065,128.35180199596505,2598774,DEMO
2022-12-30,128.35180199596505,128.84048609775164,127.91722415627657,128.2263477500879,1149361,DEMO
2023-01-02,128.2263477500879,129.37569494205266,127.90415386612824,128.95085084610574,1151999,DEMO
2023-01-03,128.95085084610574,131.5456137920181,128.88614980439266,131.448947694255,1626871,DEMO
2023-01-04,131.448947694255,131.46638782064525,125.93896403574077,126.26622824752536,4717536,DEMO
2023-01-05,126.26622824752536,129.8425378398745,125.97898558885349,129.4185188785408,2652955,DEMO
2023-01-06,129.4185188785408,133.5172751507365,129.399529821894,132.78157857805155,1648255,DEMO
2023-01-09,132.78157857805155,133.1895645579026,128.75213238416316,128.78353976011243,3178812,DEMO
2023-01-10,128.78353976011243,134.470364918833,128.63306563447478,134.03594608976948,3323946,DEMO
2023-01-11,134.03594608976948,134.25706030891834,132.35755492402888,133.39958746150856,1029455,DEMO
2023-01-12,133.39958746150856,133.54473342898893,132.88829343760298,133.2208486857402,4773432,DEMO
2023-01-13,133.2208486857402,134.63286623244014,132.51349063972262,134.1313754252035,1055241,DEMO
2023-01-16,134.1313754252035,134.80657719462891,134.06532888847732,134.6482075902081,1173405,DEMO
2023-01-17,134.6482075902081,138.04828918232053,134.53903604057868,137.5015973273141,3753964,DEMO
2023-01-18,137.5015973273141,140.08196207702883,137.38439047282753,139.6638175261244,2600829,DEMO
2023-01-19,139.6638175261244,140.14773800316132,139.55638921579438,139.62438486498752,2601013,DEMO
2023-01-20,139.62438486498752,141.00346667297742,139.3927503196593,140.9915507142364,1349965,DEMO
2023-01-23,140.9915507142364,143.02560713349666,140.72452814094055,141.82553812848204,1611613,DEMO
2023-01-24,141.82553812848204,141.9822964504075,139.7645447609295,140.43919261539756,4672948,DEMO
2023-01-25,140.43919261539756,141.05204806404788,139.89720529402115,140.95857177263306,2704672,DEMO
2023-01-26,140.95857177263306,142.13646223942823,140.738270670259,141.83129142808085,4591536,DEMO
2023-01-27,141.83129142808085,142.6660307271268,138.4049946353411,138.69890783387388,1747296,DEMO
2023-01-30,138.69890783387388,138.7664829010792,131.7448728403592,132.1552698011208,1671717,DEMO
2023-01-31,132.1552698011208,134.33704330945602,131.93534930998197,134.31562187234482,2645191,DEMO
2023-02-01,134.31562187234482,139.2231484433791,134.0880613176776,139.21138493689384,1973116,DEMO
2023-02-02,139.21138493689384,141.55355903079547,138.30832775788213,141.52812357722735,2729781,DEMO
2023-02-03,141.52812357722735,142.84333869502217,141.00205149463793,141.1313702739926,4711623,DEMO
2023-02-06,141.1313702739926,143.47208473269632,140.8793552804981,142.92596426512733,4487854,DEMO
2023-02-07,142.92596426512733,143.5929168455543,141.0972147410068,141.32284630996298,4825625,DEMO
2023-02-08,141.32284630996298,141.8131140842393,139.42751813644273,139.76858659401734,1256854,DEMO
2023-02-09,139.76858659401734,140.4535341733669,137.40295157879964,137.70005891887777,3191785,DEMO
2023-02-10,137.70005891887777,139.5647051129052,136.99125508310956,138.95239542825954,2339153,DEMO
2023-02-13,138.95239542825954,140.97235067135293,138.4544798191266,140.86366716377879,1231822,DEMO
2023-02-14,140.86366716377879,140.94284641157844,140.33018728614675,140.48213522813552,2796343,DEMO
2023-02-15,140.48213522813552,140.92290672909027,139.786033636232,140.6861432921286,4011785,DEMO
2023-02-16,140.6861432921286,140.77280246192066,134.95765940006063,135.9484829784135,3263184,DEMO
2023-02-17,135.9484829784135,137.1354415347776,134.5710862672566,136.51353463213744,1065539,DEMO
2023-02-20,136.51353463213744,137.8745311817568,131.98944844994645,132.56969932741245,4630175,DEMO
2023-02-21,132.56969932741245,133.16016057449227,127.27944701616042,127.75521933956516,3672841,DEMO
2023-02-22,127.75521933956516,129.93333792152836,127.37512828584339,129.84630308139947,4942376,DEMO
2023-02-23,129.84630308139947,131.2347710263041,128.917915151757,130.05562032584598,4434373,DEMO
2023-02-24,130.05562032584598,132.1290983923755,129.5800069794938,131.4350474318455,3766396,DEMO
2023-02-27,131.4350474318455,131.45700841633334,130.59073040894117,130.79152347911742,1245515,DEMO
2023-02-28,130.79152347911742,130.87761658590546,127.63203350129265,128.17711325530496,2248942,DEMO
2023-03-01,128.17711325530496,128.38663011927434,126.45752035574401,126.51613979850124,4294528,DEMO
2023-03-02,126.51613979850124,130.4128553525727,126.30603846373383,129.31145167301958,4863419,DEMO
2023-03-03,129.31145167301958,129.6885963129167,126.0680264058755,126.90848452049606,2382288,DEMO
2023-03-06,126.90848452049606,127.4921623150809,125.83054252901113,126.19192061835925,2964091,DEMO
2023-03-07,126.19192061835925,129.91309201191822,125.89453555444432,129.73194860363373,2538596,DEMO
2023-03-08,129.73194860363373,130.77405353933744,127.51692651957005,127.93283916983496,2669406,DEMO
2023-03-09,127.93283916983496,134.11758173665945,127.54305141010325,133.44839568903188,4833295,DEMO
2023-03-10,133.44839568903188,134.26833935656887,132.6148052979681,134.23107072478436,1463726,DEMO
2023-03-13,134.23107072478436,134.8497514127519,128.70457579630053,128.71424227872757,1944088,DEMO
2023-03-14,128.71424227872757,131.07004660257343,127.98071980378803,130.8550488372111,4758204,DEMO
2023-03-15,130.8550488372111,131.50142855549558,129.65716159919953,131.077615233053,1661423,DEMO
2023-03-16,131.077615233053,131.82974318690674,130.34384455618803,131.41665176269063,4547520,DEMO
2023-03-17,131.41665176269063,131.58396295217352,128.94288693925557,129.67082850252146,3291738,DEMO
2023-03-20,129.67082850252146,129.99092675910532,128.16016387799894,128.43387054493164,3173998,DEMO
2023-03-21,128.43387054493164,131.45517133776184,128.01115543115438,131.03155214836323,3679307,DEMO
2023-03-22,131.03155214836323,131.97614241040654,130.89143945189986,131.7655173325475,3365839,DEMO
2023-03-23,131.7655173325475,133.08629467838688,131.39952022485366,132.98624590810064,3180963,DEMO
2023-03-24,132.98624590810064,133.18579128603318,130.1174558540773,130.2849796282378,4383532,DEMO
2023-03-27,130.2849796282378,133.08735041583898,129.93647415195045,132.95213277422243,3148163,DEMO
2023-03-28,132.95213277422243,134.3482345947221,132.47237240737485,134.22350349633166,2455808,DEMO
2023-03-29,134.22350349633166,136.41271937576653,133.93099494721875,135.1443936115442,1967471,DEMO
2023-03-30,135.1443936115442,136.2869986963888,131.62105710659128,133.0473158605561,1915428,DEMO
2023-03-31,133.0473158605561,133.24338353718048,131.02793362451675,132.08988049726602,2278795,DEMO
2023-04-03,132.08988049726602,132.24139922777564,128.53378832626518,129.5443218400903,2346765,DEMO
2023-04-04,129.5443218400903,130.36582707894334,129.37487621029547,129.52322667154004,2151123,DEMO
2023-04-05,129.52322667154004,129.68221619910545,127.96424424489264,128.52632851868046,3775047,DEMO
2023-04-06,128.52632851868046,130.04753721606738,128.13612687669098,129.97618759600115,3623229,DEMO
2023-04-07,129.97618759600115,132.77320202630733,129.97200527641394,132.56879342985806,2251172,DEMO
2023-04-10,132.56879342985806,133.35682868224995,128.22235948149452,128.38777592187068,4237602,DEMO
2023-04-11,128.38777592187068,133.2814920796984,127.41544775248762,133.26846288005373,2507756,DEMO
2023-04-12,133.26846288005373,133.3149172451147,132.00450167805772,132.17887749629327,3561718,DEMO
2023-04-13,132.17887749629327,132.43951039875236,130.48704678977901,131.57305065793852,1764621,DEMO
2023-04-14,131.57305065793852,131.9041925235637,131.21782998439886,131.22394783170802,1112733,DEMO
2023-04-17,131.22394783170802,131.3286097148293,130.38883659310696,131.0543411862041,1903917,DEMO
2023-04-18,131.0543411862041,131.40600560163156,127.82318685875575,128.09775547938813,2408146,DEMO
2023-04-19,128.09775547938813,128.3476518523805,126.25164392815016,127.10617169776127,4509093,DEMO
2023-04-20,127.10617169776127,127.54547033284189,126.61887464466335,127.25341195863048,4677056,DEMO
2023-04-21,127.25341195863048,128.92952671832316,127.1924639221241,128.35166646800656,3731940,DEMO
2023-04-24,128.35166646800656,131.14911268257163,127.92647075846135,131.07060774208318,2162042,DEMO
2023-04-25,131.07060774208318,131.92682499363193,130.30809275897735,130.46087540434107,1161376,DEMO
2023-04-26,130.46087540434107,131.92139692378117,129.7824343967906,131.38018099715578,2477029,DEMO
2023-04-27,131.38018099715578,131.84049739134352,130.58018069937052,130.85147380579295,1674663,DEMO
2023-04-28,130.85147380579295,138.76066919632936,130.305573229941,137.9845840463946,1425795,DEMO
2023-05-01,137.9845840463946,138.37696270878183,136.86374058796153,136.94932555930842,1765419,DEMO
2023-05-02,136.94932555930842,138.63071528669815,136.62377595578957,138.33109350663946,1213413,DEMO
2023-05-03,138.33109350663946,138.63477752791695,137.1188262545001,137.62721539340555,1655516,DEMO
2023-05-04,137.62721539340555,137.98175435970808,136.8451346161102,136.9628649707477,2078230,DEMO
2023-05-05,136.9628649707477,138.3776907682791,134.36016196353674,134.41122629732874,2743672,DEMO
2023-05-08,134.41122629732874,134.54222302397272,127.09118085962497,127.54856348137791,2301430,DEMO
2023-05-09,127.54856348137791,131.29312895540033,127.53057002076383,130.98403393794027,2503512,DEMO
2023-05-10,130.98403393794027,132.17208457402432,130.75656730506742,131.11571525075752,2486542,DEMO
2023-05-11,131.11571525075752,131.4426594199129,128.57422833217902,128.67744918709283,4359723,DEMO
2023-05-12,128.67744918709283,129.3843951715429,128.2525147286693,128.3168692142236,3061777,DEMO
2023-05-15,128.3168692142236,128.5990739378908,126.41146223658795,126.99049228040143,2943103,DEMO
2023-05-16,126.99049228040143,128.9744547226915,126.58605565758194,128.42691290041014,3406247,DEMO
2023-05-17,128.42691290041014,131.95790872699567,127.48635737471211,130.94987408556545,1311117,DEMO
2023-05-18,130.94987408556545,132.90634681458815,130.70949325993118,132.3954066692843,1336953,DEMO
2023-05-19,132.3954066692843,133.6953344368296,131.43083405365678,131.67033537598874,4683042,DEMO
2023-05-22,131.67033537598874,132.0698476872017,129.6395592257154,129.79339698935553,3379363,DEMO
2023-05-23,129.79339698935553,129.82025077844207,127.87496810360355,128.46369878915846,2218724,DEMO
2023-05-24,128.46369878915846,131.02537072357737,128.04059172714497,129.9191384152085,4540413,DEMO
2023-05-25,129.9191384152085,130.03556228562152,127.72770035450058,128.12753578675486,4613786,DEMO
2023-05-26,128.12753578675486,130.2880919802636,127.18611944693251,129.84758611392937,4876215,DEMO
2023-05-29,129.84758611392937,133.07191699425528,128.32113290848554,133.0182953531435,1548768,DEMO
2023-05-30,133.0182953531435,133.04680096215222,128.17726557199225,128.82973687793435,4755078,DEMO
2023-05-31,128.82973687793435,134.38719500323862,128.56907891658585,133.96465240468856,4498067,DEMO
2023-06-01,133.96465240468856,134.4734183879053,131.88741731654844,132.14378580276144,3831669,DEMO
2023-06-02,132.14378580276144,132.84999777778057,130.99969138875554,132.36881593503273,2615053,DEMO
2023-06-05,132.36881593503273,132.96440923859848,131.78008666181643,132.27680793397718,2155802,DEMO
2023-06-06,132.27680793397718,133.5338656653368,132.2203103008707,132.59718649997984,1100241,DEMO
2023-06-07,132.59718649997984,133.25855461468407,131.8478368942738,133.0912914964414,2115954,DEMO
2023-06-08,133.0912914964414,134.15525528197293,133.0768672517196,133.53635797101754,4508840,DEMO
2023-06-09,133.53635797101754,137.7384824221593,132.99840443945467,137.62421278944274,1453327,DEMO
2023-06-12,137.62421278944274,138.42207957843584,135.71356533067097,135.79843064673094,2907425,DEMO
2023-06-13,135.79843064673094,136.61970050757475,134.17487256187425,134.79406286435298,2043622,DEMO
2023-06-14,134.79406286435298,134.95883049755406,133.6631284895752,134.71762337726824,3134152,DEMO
2023-06-15,134.71762337726824,136.35038084596994,134.0178712829816,136.3296953294683,3680047,DEMO
2023-06-16,136.3296953294683,137.16500052337474,135.9792171209434,136.27365942460628,4062196,DEMO
2023-06-19,136.27365942460628,137.26902005562124,135.88112080571995,135.88930748301345,3390220,DEMO
2023-06-20,135.88930748301345,138.3476691989249,135.7489830067603,137.79867150278048,4210764,DEMO
2023-06-21,137.79867150278048,138.3296320309527,137.5530006745417,138.06207117108852,1971884,DEMO
2023-06-22,138.06207117108852,138.25193079178757,134.3155943792342,134.42394260503727,4643036,DEMO
2023-06-23,134.42394260503727,135.5560058630524,134.10053891070874,135.55333013311937,1920964,DEMO
2023-06-26,135.55333013311937,136.32212730112724,134.79907094670162,135.0510490671085,1144855,DEMO
2023-06-27,135.0510490671085,137.11861217866323,135.01036936867055,136.96350582663433,2745021,DEMO
2023-06-28,136.96350582663433,140.28768755647465,136.42555138179756,140.14970901800757,2343593,DEMO
2023-06-29,140.14970901800757,140.36011174623516,139.5080606190073,140.13279504412722,1875351,DEMO
2023-06-30,140.13279504412722,142.6842565942931,140.07657427217524,141.72355416188785,3489014,DEMO
2023-07-03,141.72355416188785,141.77398402346353,141.1358739444164,141.18226044419592,1717741,DEMO
2023-07-04,141.18226044419592,142.3250281286565,140.58732736468914,142.1385005271066,4713870,DEMO
2023-07-05,142.1385005271066,145.42736144514387,141.08764634416107,144.9059471434486,1042502,DEMO
2023-07-06,144.9059471434486,148.76054868280679,144.73287573943418,148.7359065242421,4909901,DEMO
2023-07-07,148.7359065242421,154.78718456674787,148.32733729712444,153.89215598724357,4153695,DEMO
2023-07-10,153.89215598724357,155.88587182958645,152.82012877266465,154.64057358326144,3220666,DEMO
2023-07-11,154.64057358326144,156.01121219460103,154.20997635977878,154.7965314999085,2039877,DEMO
2023-07-12,154.7965314999085,156.57484628577416,154.71447814967405,155.92220283715355,4226871,DEMO
2023-07-13,155.92220283715355,156.08197650786028,154.5729103993982,154.91428654302214,3466527,DEMO
2023-07-14,154.91428654302214,155.42521522804114,151.73280141389068,152.4210210582024,1591078,DEMO
2023-07-17,152.4210210582024,152.9675800695946,149.3811190811267,149.55898564888417,4513061,DEMO
2023-07-18,149.55898564888417,149.5632492154868,147.29411365168113,148.18486961760524,1076182,DEMO
2023-07-19,148.18486961760524,148.5234031706413,143.46477232887034,143.90234641302413,2904513,DEMO
2023-07-20,143.90234641302413,145.77063525490422,143.24309971535794,145.0564411831127,1394944,DEMO
2023-07-21,145.0564411831127,146.70057964780588,144.09830671815882,146.56388217011792,4114416,DEMO
2023-07-24,146.56388217011792,148.28355258927013,144.8564936129574,145.625455795215,1892794,DEMO
2023-07-25,145.625455795215,145.7188721917072,141.54127634231193,141.77806516798208,4158375,DEMO
2023-07-26,141.77806516798208,142.96798094888774,140.2743315000361,140.530770971291,4115753,DEMO
2023-07-27,140.530770971291,145.77555333078234,140.47853684739553,145.28986864305776,3508768,DEMO
2023-07-28,145.28986864305776,145.39777030835683,145.02257560212377,145.3418770411399,2017604,DEMO
2023-07-31,145.3418770411399,145.88032638477304,142.0166502610217,143.26674241457619,4172902,DEMO
2023-08-01,143.26674241457619,144.00785181935262,139.77618852574676,140.64387144046435,4916241,DEMO
2023-08-02,140.64387144046435,141.2240005512627,139.1685249934016,139.66178360346794,2355937,DEMO
2023-08-03,139.66178360346794,144.05154953176023,139.36352896829814,143.28155778824865,3562587,DEMO
2023-08-04,143.28155778824865,143.48032418653818,141.24297619435958,141.73644248123676,1784659,DEMO
2023-08-07,141.73644248123676,143.04151925052014,140.94797709627895,142.5592710865923,1567216,DEMO
2023-08-08,142.5592710865923,143.00362063195251,141.24376671171572,141.93336883068244,1692538,DEMO
2023-08-09,141.93336883068244,143.10199774164548,140.95992032072795,141.12192911719683,2682602,DEMO
2023-08-10,141.12192911719683,141.27961924698857,138.45207262068422,139.23335762954676,4996364,DEMO
2023-08-11,139.23335762954676,142.57628006248922,139.011386019298,142.3114723011096,1277265,DEMO
2023-08-14,142.3114723011096,147.19601966616455,141.89079530674329,145.82114915583284,1337486,DEMO
2023-08-15,145.82114915583284,146.06425877244482,143.23747916893197,143.69486863930476,3026068,DEMO
2023-08-16,143.69486863930476,144.31405323564425,142.88901894472974,143.29002681573692,2530274,DEMO
2023-08-17,143.29002681573692,145.0296652620256,142.84918800392646,144.57372552546855,2470022,DEMO
2023-08-18,144.57372552546855,146.81472964390977,144.34109289309228,146.27904370617702,2697479,DEMO
2023-08-21,146.27904370617702,146.61215829176095,143.77192292364168,144.0580905985091,2481448,DEMO
2023-08-22,144.0580905985091,146.30193541633278,143.80292633990874,145.6802434567357,3205037,DEMO
2023-08-23,145.6802434567357,148.51162724891827,144.59361984471656,147.64132640007065,4141253,DEMO
2023-08-24,147.64132640007065,149.48436390994817,147.30010409922446,148.57307188812925,3909979,DEMO
2023-08-25,148.57307188812925,149.31014047754473,145.42468314636565,145.87616315739447,1511940,DEMO
2023-08-28,145.87616315739447,149.60565189446584,145.78453657258817,149.0505798259571,3943674,DEMO
2023-08-29,149.0505798259571,149.62296138170814,147.1857200738416,148.0466210766767,4285611,DEMO
2023-08-30,148.0466210766767,149.0864339058378,146.70896350214093,147.14273862109874,3038630,DEMO
2023-08-31,147.14273862109874,147.75777504265966,142.74343973038262,143.89625323472777,4334865,DEMO
2023-09-01,143.89625323472777,144.249873330955,143.88275846421595,144.20701836348292,1095246,DEMO
2023-09-04,144.20701836348292,146.1398685426511,142.93722113606293,146.07155875569558,2162984,DEMO
2023-09-05,146.07155875569558,148.84635546424283,145.31106337860246,148.52641690588547,4137380,DEMO
2023-09-06,148.52641690588547,151.80985028872072,148.224005878173,151.1546022584933,4286770,DEMO
2023-09-07,151.1546022584933,157.14917439601618,150.76198482240224,156.54018820135983,1925393,DEMO
2023-09-08,156.54018820135983,157.22649948512793,155.60634926229267,157.1122607752528,1336977,DEMO
2023-09-11,157.1122607752528,158.30266473708787,152.06496077278504,152.34715345693124,2889771,DEMO
2023-09-12,152.34715345693124,152.73203328915136,146.3999868416496,146.88141069424142,3328364,DEMO
2023-09-13,146.88141069424142,150.10771264992243,145.14040625221605,149.42174667967527,2923140,DEMO
2023-09-14,149.42174667967527,149.66174885629022,145.40342574788144,145.5713071871828,1884793,DEMO
2023-09-15,145.5713071871828,146.96306198571256,144.67698974017634,144.72333689236888,1258334,DEMO
2023-09-18,144.72333689236888,144.9772719012025,143.75917723555577,143.88648168898476,3975524,DEMO
2023-09-19,143.88648168898476,144.25890210759002,137.68125858794699,138.23092017255124,3520582,DEMO
2023-09-20,138.23092017255124,138.60072785912305,134.70137245117684,135.97490894732988,3608131,DEMO
2023-09-21,135.97490894732988,136.3268609864517,135.25113586952068,135.7863568035396,4594358,DEMO
2023-09-22,135.7863568035396,136.45102278320107,129.1050238412835,129.884877166902,2491481,DEMO
2023-09-25,129.884877166902,130.124748799999,127.36455315869613,127.5434634255179,4734164,DEMO
2023-09-26,127.5434634255179,127.94397498300683,126.95792521984855,127.1339382887507,1830894,DEMO
2023-09-27,127.1339382887507,128.96352128067798,126.72590985266044,127.98609134397627,3204139,DEMO
2023-09-28,127.98609134397627,128.9039356344031,127.8426637493462,128.48295775564145,1928901,DEMO
2023-09-29,128.48295775564145,128.5956225851987,127.20477413165777,128.48242251941446,1275716,DEMO
2023-10-02,128.48242251941446,129.65044852588483,128.4075099790339,129.4760644775511,2778327,DEMO
2023-10-03,129.4760644775511,129.71629703050706,125.34320695618948,126.55664146953937,4621472,DEMO
2023-10-04,126.55664146953937,127.04347102032135,123.94595237730361,124.09737169097426,1050370,DEMO
2023-10-05,124.09737169097426,124.54485597276684,122.85745861585453,123.46835466553725,2952730,DEMO
2023-10-06,123.46835466553725,126.90495820767504,123.39607602867731,125.71463732463421,4839772,DEMO
2023-10-09,125.71463732463421,126.24176345943386,123.13393521220992,123.48488598495787,2126065,DEMO
2023-10-10,123.48488598495787,124.52775693309246,122.03732151150123,122.33579800745109,4790895,DEMO
2023-10-11,122.33579800745109,122.47892298333943,120.83458851302946,121.5700713365534,1958685,DEMO
2023-10-12,121.5700713365534,122.45669496142847,119.50163864649609,119.718169108721,1869062,DEMO
2023-10-13,119.718169108721,120.04094296132324,119.0482888689524,119.53321699662214,1721823,DEMO
2023-10-16,119.53321699662214,120.08330008485578,118.66115466208784,118.83184300066071,4942670,DEMO
2023-10-17,118.83184300066071,119.04249638971893,114.2418311281785,114.49555039217726,3727696,DEMO
2023-10-18,114.49555039217726,115.09923750852845,114.12399944444466,114.98476468243517,4124492,DEMO
2023-10-19,114.98476468243517,115.33197144649398,113.2462785612347,113.80255174014641,2189797,DEMO
2023-10-20,113.80255174014641,114.01674705822822,109.22904559917508,109.5277303044337,1661148,DEMO
2023-10-23,109.5277303044337,110.25240043216992,109.0697982564115,110.20237664519031,3365586,DEMO
2023-10-24,110.20237664519031,110.75009761691648,107.53235654047266,108.3329463236468,4883272,DEMO
2023-10-25,108.3329463236468,111.49011883338127,108.22669620050229,111.33818118291863,3664303,DEMO
2023-10-26,111.33818118291863,111.64885069832461,109.01307030559235,109.4818822909655,2763869,DEMO
2023-10-27,109.4818822909655,109.80743584623151,107.77277901382841,108.25768308025462,4801620,DEMO
2023-10-30,108.25768308025462,108.73384549320383,107.854802897975,108.62104612468937,2393877,DEMO
2023-10-31,108.62104612468937,110.92721650384148,108.43344240037611,110.0232355269984,3409289,DEMO
2023-11-01,110.0232355269984,110.10046142620303,108.4437413490571,109.06716893158627,2459995,DEMO
2023-11-02,109.06716893158627,109.55448767763095,106.15712029089624,106.27505147757545,3296889,DEMO
2023-11-03,106.27505147757545,106.68895645431132,102.67051706589785,102.7775038486312,4381775,DEMO
2023-11-06,102.7775038486312,103.64506293820607,102.693659275379,102.71091524907655,4836712,DEMO
2023-11-07,102.71091524907655,103.95913891579256,102.52072191637319,103.66651146052507,1070290,DEMO
2023-11-08,103.66651146052507,105.77178856143972,102.6543461671646,105.4590207011478,1753709,DEMO
2023-11-09,105.4590207011478,105.62828887845782,102.41206113099112,102.42684509076791,4877555,DEMO
2023-11-10,102.42684509076791,103.57496355910106,102.25279192188766,103.17867831787268,3295634,DEMO
2023-11-13,103.17867831787268,105.47845302735261,102.92367594637054,105.4477481926997,2883024,DEMO
2023-11-14,105.4477481926997,105.54383402839883,105.12723432584059,105.16124365273252,1180879,DEMO
2023-11-15,105.16124365273252,105.93588861916324,105.04507649881737,105.62888263278943,4633933,DEMO
2023-11-16,105.62888263278943,106.63313648055052,105.38148710778233,106.23731436665834,3850155,DEMO
2023-11-17,106.23731436665834,108.09711779586233,106.11034822159127,106.86840939640989,2890073,DEMO
2023-11-20,106.86840939640989,107.17300250875253,106.1685061334959,106.19693156256723,2030047,DEMO
2023-11-21,106.19693156256723,106.94735337861567,106.08581167554011,106.53181734351297,2852039,DEMO
2023-11-22,106.53181734351297,106.56492346308261,102.99823022442763,103.42122851381154,2865644,DEMO
2023-11-23,103.42122851381154,103.47344613075211,100.37999716180519,100.8133536821586,3437822,DEMO
2023-11-24,100.8133536821586,104.83892276003141,100.61405485514321,104.75614524457087,2526700,DEMO
2023-11-27,104.75614524457087,106.49860685702818,104.28362624739236,105.92766667524239,1205959,DEMO
2023-11-28,105.92766667524239,108.01378824252167,105.78722074640784,107.78317912051992,1095735,DEMO
2023-11-29,107.78317912051992,108.55633888062387,104.21340475873602,104.76675852552968,1673940,DEMO
2023-11-30,104.76675852552968,104.89641823928785,102.25667117997718,102.57869600665862,1232525,DEMO
2023-12-01,102.57869600665862,103.11879690681161,101.62765899341518,102.99516475778178,1030590,DEMO
2023-12-04,102.99516475778178,103.47199033966811,100.71748639296295,101.42757391561815,3475293,DEMO
2023-12-05,101.42757391561815,101.76632353722601,101.3140779111396,101.57948000687057,2415639,DEMO
2023-12-06,101.57948000687057,103.06137975203004,101.34925889552562,102.51521664545139,3617429,DEMO
2023-12-07,102.51521664545139,102.62803587909322,100.06373632521519,100.56994818095966,1885571,DEMO
2023-12-08,100.56994818095966,100.71236657147097,99.93318762097185,100.05900044380863,3698609,DEMO
2023-12-11,100.05900044380863,100.406210369924,98.75777795451111,98.91398027444932,4660156,DEMO
2023-12-12,98.91398027444932,99.29397878359826,95.98787499602983,96.45492634469622,4739045,DEMO
2023-12-13,96.45492634469622,97.1952656975904,93.99461287756021,94.06612093265686,2222451,DEMO
2023-12-14,94.06612093265686,96.27914773655777,94.05737925654132,96.20872497114124,3144993,DEMO
2023-12-15,96.20872497114124,96.27476975305034,91.30573680632025,91.83426828655425,4772684,DEMO
2023-12-18,91.83426828655425,93.24147744824897,91.69366570697619,93.20713679358924,3001351,DEMO
2023-12-19,93.20713679358924,93.96734092159386,90.76570075725611,91.30029245360892,3099036,DEMO
2023-12-20,91.30029245360892,91.39755772392579,90.0941607083845,90.2953984288197,2276768,DEMO
2023-12-21,90.2953984288197,92.76078766335621,90.1496222155096,92.26861348997485,1327107,DEMO
2023-12-22,92.26861348997485,92.36377549828781,91.81599942876657,92.32670730763057,3799211,DEMO
2023-12-25,92.32670730763057,93.71781912484884,92.17877968626684,93.06020616353841,2781699,DEMO
2023-12-26,93.06020616353841,93.12633394810445,91.21322736945079,91.54248177388712,3477906,DEMO
2023-12-27,91.54248177388712,93.20359406048644,90.98905528539912,92.8765802664007,1245750,DEMO
2023-12-28,92.8765802664007,93.73377741399882,92.49984642461678,93.56369599165167,3024412,DEMO
2023-12-29,93.56369599165167,94.76044603710655,93.35704209383924,94.5250431013812,4092399,DEMO
2024-01-01,94.5250431013812,95.20568524431353,94.44099323363945,94.9221312663101,1127925,DEMO
2024-01-02,94.9221312663101,95.13079432348259,93.31466202032202,93.32386458971219,3904402,DEMO
2024-01-03,93.32386458971219,94.13807645401018,93.02325365310718,94.06418250640341,4827877,DEMO
2024-01-04,94.06418250640341,95.02123848409535,93.89210799266719,94.9017285475863,4657303,DEMO
2024-01-05,94.9017285475863,95.97692563122334,94.54541619953643,95.69328609157652,2432716,DEMO
2024-01-08,95.69328609157652,96.88981697204245,95.33463278507043,96.485415239678,1279844,DEMO
2024-01-09,96.485415239678,98.35853406118571,95.56625443725414,98.16416161360922,3692724,DEMO
2024-01-10,98.16416161360922,98.61235710187653,96.55565914522572,96.6574811283784,1873626,DEMO
2024-01-11,96.6574811283784,96.98865928273783,92.8920038513674,92.94748866219577,3055309,DEMO
2024-01-12,92.94748866219577,95.13275471859492,92.464154981668,94.59750230206622,4844177,DEMO
2024-01-15,94.59750230206622,97.23085950982964,94.19642978873222,96.74249606638537,4492699,DEMO
2024-01-16,96.74249606638537,98.69510931276044,96.47555554153305,98.56262592949186,3992993,DEMO
2024-01-17,98.56262592949186,100.41760151993523,98.45361541840025,100.28434316496886,1404404,DEMO
2024-01-18,100.28434316496886,103.28489028349755,100.18822653125319,103.01893613526286,2040060,DEMO
2024-01-19,103.01893613526286,103.24068841528897,100.44756075839207,100.59866740483398,4852369,DEMO
2024-01-22,100.59866740483398,100.88020153419068,98.69444236356385,98.73853089841607,4755233,DEMO
2024-01-23,98.73853089841607,98.86851115963867,98.54195335738753,98.80774536543633,2065377,DEMO
2024-01-24,98.80774536543633,103.76023628744767,98.58585837879508,102.83568787901251,3482784,DEMO
2024-01-25,102.83568787901251,105.04543821078437,102.69037846819772,104.6825618617027,1160116,DEMO
2024-01-26,104.6825618617027,104.85781973514702,103.65654971760524,104.61384254602966,1217017,DEMO
2024-01-29,104.61384254602966,104.83179564325728,104.53714169782673,104.82086643153228,3045602,DEMO
2024-01-30,104.82086643153228,105.72688547786596,104.7329594429994,105.29118366202404,1701676,DEMO
2024-01-31,105.29118366202404,107.92169922730217,105.25194607410181,107.52495505003824,3675168,DEMO
2024-02-01,107.52495505003824,109.03599523400023,107.30476205042082,108.74006580599169,4620489,DEMO
2024-02-02,108.74006580599169,108.99872332150788,107.2481107841153,107.28121349009403,3587433,DEMO
2024-02-05,107.28121349009403,110.05169939355038,107.1623216461151,109.92310715292892,2806134,DEMO
2024-02-06,109.92310715292892,110.6431942976168,107.17243683524005,107.82458866671595,3232448,DEMO
2024-02-07,107.82458866671595,110.25140211808964,107.57039123287839,110.14622185944108,4002208,DEMO
2024-02-08,110.14622185944108,111.46675935903663,109.24622100391024,111.31229004872208,4295086,DEMO
2024-02-09,111.31229004872208,111.51056052474998,108.48731230153594,108.79323097713007,3119059,DEMO
2024-02-12,108.79323097713007,109.67298914442986,108.74536617592511,109.12504091334375,3452031,DEMO
2024-02-13,109.12504091334375,112.42293114407198,108.8053541769969,112.25703182984428,1636286,DEMO
2024-02-14,112.25703182984428,113.0109222424294,109.04894447900136,109.09423437530647,2736738,DEMO
2024-02-15,109.09423437530647,112.21443696243489,109.06041620634198,111.70848226835798,4101177,DEMO
2024-02-16,111.70848226835798,112.99080489570282,111.53806855708369,112.62402479103058,4932812,DEMO
2024-02-19,112.62402479103058,113.20360714865492,109.95186232290222,110.10684334994193,2112234,DEMO
2024-02-20,110.10684334994193,110.31069724815863,105.89056451456894,106.86770984421743,4294507,DEMO
2024-02-21,106.86770984421743,110.64460889074948,106.38450147889257,110.0225693843782,2461271,DEMO
2024-02-22,110.0225693843782,110.31396348825876,109.42580149013163,109.760645600494,4610097,DEMO
2024-02-23,109.760645600494,110.04214037711499,108.85133618612171,109.1718240201995,2070735,DEMO
2024-02-26,109.1718240201995,113.76627156985036,108.90455005828804,113.62085942681374,1925285,DEMO
2024-02-27,113.62085942681374,115.78754535104842,112.68357504357569,115.51557934690895,1908014,DEMO
2024-02-28,115.51557934690895,115.83297807627605,112.34149851114748,112.57067890211137,4522689,DEMO
2024-02-29,112.57067890211137,114.05868268320668,111.94876854183691,112.81226323189708,1532262,DEMO
2024-03-01,112.81226323189708,116.16883325678411,112.40689558113345,115.9814663581008,4202968,DEMO
2024-03-04,115.9814663581008,116.1523684904425,112.37137662781979,112.64685237170455,3080941,DEMO
2024-03-05,112.64685237170455,115.1871097040937,111.92031575485981,114.80974385955612,1091849,DEMO
2024-03-06,114.80974385955612,116.264427179972,114.59760958754802,115.08553852708651,1873218,DEMO
2024-03-07,115.08553852708651,115.1361081758019,113.31198270065018,114.05261412956688,4036824,DEMO
2024-03-08,114.05261412956688,114.22310247699572,110.58539136534606,110.59090917572145,4552564,DEMO
2024-03-11,110.59090917572145,110.78242557149474,109.226352380285,109.65814482598924,1670437,DEMO
2024-03-12,109.65814482598924,110.49075227144859,106.37105751247324,106.7619649521539,3889016,DEMO
2024-03-13,106.7619649521539,106.87528615168729,102.11467238933025,102.14886862272724,1067839,DEMO
2024-03-14,102.14886862272724,103.17527882298944,102.07747476674444,103.12108577917664,2719490,DEMO
2024-03-15,103.12108577917664,103.25815847612374,101.61727466153206,102.2664235890794,3456860,DEMO
2024-03-18,102.2664235890794,102.8610178525559,102.11013921918776,102.51376583060492,4651899,DEMO
2024-03-19,102.51376583060492,102.99190682860768,100.78032690500855,101.22127358984397,1933128,DEMO
2024-03-20,101.22127358984397,101.23150335186514,101.05983123890647,101.15431097405643,1911669,DEMO
2024-03-21,101.15431097405643,101.21300608305496,100.40584679234993,100.53353509434044,2817265,DEMO
2024-03-22,100.53353509434044,101.33398995561487,100.20527752428528,101.24662945326004,1996733,DEMO
2024-03-25,101.24662945326004,101.45705582939445,98.40073024903579,98.9990848754886,2198236,DEMO
2024-03-26,98.9990848754886,99.59054979708584,98.54030266974563,98.89417798468942,2092649,DEMO
2024-03-27,98.89417798468942,101.54716791096743,98.37436756843569,100.79424553691437,2539806,DEMO
2024-03-28,100.79424553691437,101.27565854008266,98.63365644022836,98.6400100325127,3197856,DEMO
2024-03-29,98.6400100325127,99.4167137344297,97.4187216075591,97.50435126458555,3765728,DEMO
2024-04-01,97.50435126458555,97.72076710709246,96.84737266475432,97.15878924295801,1247784,DEMO
2024-04-02,97.15878924295801,98.16615604464354,97.00691631416159,98.14081990056721,3778922,DEMO
2024-04-03,98.14081990056721,99.3697036057623,97.52024714818026,99.16967693746872,2662609,DEMO
2024-04-04,99.16967693746872,99.23964950624078,96.60137716618618,97.34048199804506,1846863,DEMO
2024-04-05,97.34048199804506,98.36821834076689,97.2147271658333,98.07140367882181,4509207,DEMO
2024-04-08,98.07140367882181,98.51739669470814,95.17598154696813,95.17851828418397,1033698,DEMO
2024-04-09,95.17851828418397,95.28940581961314,94.59496346040672,94.94446685598432,3817003,DEMO
2024-04-10,94.94446685598432,95.27476716337166,94.7209519125494,95.23739686852355,3809199,DEMO
2024-04-11,95.23739686852355,98.9169546178191,94.79488157657525,98.46601360959636,2259644,DEMO
2024-04-12,98.46601360959636,99.02681778450317,95.82525427294838,96.03466953155043,3344923,DEMO
2024-04-15,96.03466953155043,96.13191081716877,94.47199449675377,94.78699042550865,1413840,DEMO
2024-04-16,94.78699042550865,95.10690187180478,91.1567353764372,91.72153911228654,3047860,DEMO
2024-04-17,91.72153911228654,92.12807238368292,90.72540749482106,91.17672905110395,1285228,DEMO
2024-04-18,91.17672905110395,92.36699693064598,90.77449621731552,91.82378081888072,4702591,DEMO
2024-04-19,91.82378081888072,93.1597409680635,91.67806380232294,93.01840302380371,1777091,DEMO
2024-04-22,93.01840302380371,93.27407302373142,91.50455937790021,91.71269000291889,4679582,DEMO
2024-04-23,91.71269000291889,93.88191025303426,91.54335373956246,93.49980834036016,4116964,DEMO
2024-04-24,93.49980834036016,96.94943499049081,93.35793757185982,96.88995405520886,2886792,DEMO
2024-04-25,96.88995405520886,98.54423866438779,96.51018408998388,98.20023818417981,3057854,DEMO
2024-04-26,98.20023818417981,98.5002913264363,96.81555850985029,96.86984044946706,1982810,DEMO
2024-04-29,96.86984044946706,97.65734428754931,96.18688105451315,97.18364149665982,2192050,DEMO
2024-04-30,97.18364149665982,97.56894009110349,96.76090554765612,97.16067778241579,4125527,DEMO
2024-05-01,97.16067778241579,99.04709939076496,97.10298860091368,98.80410567658383,1326811,DEMO
2024-05-02,98.80410567658383,98.83536870342441,98.30211082134103,98.32219652918494,1271419,DEMO
2024-05-03,98.32219652918494,99.31789629503596,97.7011275147374,99.30280763914114,3478434,DEMO
2024-05-06,99.30280763914114,100.88889268820584,99.23061804041406,100.66470749232181,3202968,DEMO
2024-05-07,100.66470749232181,101.10989230347826,100.24304492139423,100.46561952391257,2722451,DEMO
2024-05-08,100.46561952391257,101.03511290562906,100.32714690229581,100.86260950658337,1259361,DEMO
2024-05-09,100.86260950658337,101.93560728599707,100.5462297772282,101.4432495142305,4440628,DEMO
2024-05-10,101.4432495142305,103.09243970999512,100.80294656340664,102.93108388265755,2717303,DEMO
2024-05-13,102.93108388265755,103.18542119082647,101.56646069552757,101.66349421602439,1110248,DEMO
2024-05-14,101.66349421602439,104.03082874000813,101.09534701261269,103.99587249270708,1410213,DEMO
2024-05-15,103.99587249270708,104.50921566704405,103.01030144911087,103.30887173436902,3412464,DEMO
2024-05-16,103.30887173436902,103.40832150917738,102.56169566438572,103.22567878139192,3016677,DEMO
2024-05-17,103.22567878139192,103.23287302063491,100.14339256311719,100.89235134399155,2010983,DEMO
2024-05-20,100.89235134399155,100.93317051506828,99.22977344900852,99.81357665404586,4598748,DEMO
2024-05-21,99.81357665404586,99.86435640726619,98.32705334753669,98.6404658429417,3654349,DEMO
2024-05-22,98.6404658429417,98.8339582343706,96.62986837677379,97.02716127037819,2856293,DEMO
2024-05-23,97.02716127037819,97.54428270946936,96.61733786219018,97.53178582976588,1255171,DEMO
2024-05-24,97.53178582976588,97.84173509554016,96.68680725010594,96.70547866832803,1104582,DEMO
2024-05-27,96.70547866832803,96.86180348013426,95.73226549607557,96.17213596761155,2619426,DEMO
2024-05-28,96.17213596761155,98.0205367893998,96.03880285077553,98.02000873040686,2408286,DEMO
2024-05-29,98.02000873040686,100.36238746438798,97.53492788510721,99.64574562060066,2150762,DEMO
2024-05-30,99.64574562060066,99.70322204388394,98.18469229236202,98.44311878623121,4468174,DEMO
2024-05-31,98.44311878623121,101.01013473793445,98.30047160472603,100.20347625281903,1620965,DEMO
2024-06-03,100.20347625281903,100.61408710746845,98.47302881384708,98.66904708195682,1677203,DEMO
2024-06-04,98.66904708195682,99.09098934192708,98.06082959555872,98.8531754160115,1535612,DEMO
2024-06-05,98.8531754160115,99.71378962801724,98.36068232838642,98.46853518302375,2804749,DEMO
2024-06-06,98.46853518302375,98.7113824661555,95.5317862650862,95.97337943392286,4435405,DEMO
2024-06-07,95.97337943392286,96.15754951940657,94.46682862475612,94.91294274938909,1238586,DEMO
2024-06-10,94.91294274938909,95.61015144668815,93.65135326370218,93.69357444595228,4510377,DEMO
2024-06-11,93.69357444595228,94.00680198796461,92.54250558460936,92.81323391732266,3444592,DEMO
2024-06-12,92.81323391732266,93.21941155642784,91.82232380451325,91.9218829036895,4639950,DEMO
2024-06-13,91.9218829036895,93.25870176422094,91.87674313326987,92.98333884696572,1556004,DEMO
2024-06-14,92.98333884696572,93.19084462666318,89.73221992777337,89.9615442304138,1812106,DEMO
2024-06-17,89.9615442304138,91.12201979008424,89.5063334790979,90.7273072438698,1844941,DEMO
2024-06-18,90.7273072438698,91.09772466314814,87.05690915536871,87.62344981468223,4618188,DEMO
2024-06-19,87.62344981468223,90.53733109789,87.55047663382017,89.98406391442738,4319429,DEMO
2024-06-20,89.98406391442738,91.66502743870775,89.43240178105553,91.4759468718013,4395779,DEMO
2024-06-21,91.4759468718013,91.60359597094991,89.55725960126725,90.36720010118266,1838990,DEMO
2024-06-24,90.36720010118266,90.7615269146453,89.60126436172554,89.74901686704005,2707956,DEMO
2024-06-25,89.74901686704005,90.12651027517289,86.36281369273334,86.50667531912019,4166738,DEMO
2024-06-26,86.50667531912019,87.05420306075125,85.75337671411557,86.27390457505066,1050764,DEMO
2024-06-27,86.27390457505066,89.4075437264889,85.97431668339473,89.13549798881662,1228183,DEMO
2024-06-28,89.13549798881662,89.97217160083504,88.89205939848927,89.00260210577716,3629475,DEMO
2024-07-01,89.00260210577716,89.97694084596051,85.8616746460916,85.94794669515916,4348549,DEMO
2024-07-02,85.94794669515916,87.97903630354531,85.4879603485948,87.45067930630397,3311543,DEMO
2024-07-03,87.45067930630397,88.28992173764976,86.57341725739333,87.10857780755457,4842533,DEMO
2024-07-04,87.10857780755457,90.00812220833852,87.09115501612284,89.48646387743979,3021551,DEMO
2024-07-05,89.48646387743979,90.858649184332,89.3297901060247,90.41990769870542,2040973,DEMO
2024-07-08,90.41990769870542,92.22542743026985,90.33917634548763,91.74900142264063,4183777,DEMO
2024-07-09,91.74900142264063,92.08460091077292,91.47052890223053,92.0386219869316,2892937,DEMO
2024-07-10,92.0386219869316,95.51339486713394,91.72149814578408,95.16116100177383,4823056,DEMO
2024-07-11,95.16116100177383,98.48825607629097,94.87087579904652,97.94902159583772,3886551,DEMO
2024-07-12,97.94902159583772,101.08928892731672,97.40284097044554,100.98256281182364,3787790,DEMO
2024-07-15,100.98256281182364,102.65123034863052,100.85861700809407,102.15566820792016,1606469,DEMO
2024-07-16,102.15566820792016,102.82056301795708,102.15529378598139,102.63621083223413,3904035,DEMO
2024-07-17,102.63621083223413,103.44399148957953,102.2279089104971,102.4425163459234,2071364,DEMO
2024-07-18,102.4425163459234,104.43332337513058,101.82852176435806,104.29036637899459,1547979,DEMO
2024-07-19,104.29036637899459,104.51807739502009,104.05124140524401,104.23588978486765,3400410,DEMO
2024-07-22,104.23588978486765,107.79722283765949,103.98391017885177,106.66136991029974,1966545,DEMO
2024-07-23,106.66136991029974,109.08319038652323,106.4293359002876,108.91473811216358,2538793,DEMO
2024-07-24,108.91473811216358,108.91937923580299,108.41399723338725,108.69804837208595,1665942,DEMO
2024-07-25,108.69804837208595,109.17838703367147,106.97709208113181,107.27884659683266,3130756,DEMO
2024-07-26,107.27884659683266,107.60326613368849,106.9296476661795,107.30510053778868,1091136,DEMO
2024-07-29,107.30510053778868,109.26338723183804,106.93258525143824,109.09853483780219,3369981,DEMO
2024-07-30,109.09853483780219,112.64078679101874,108.67402825014767,112.36337380736856,1680957,DEMO
2024-07-31,112.36337380736856,114.66688993155472,111.74023165094802,114.03191933745059,2743329,DEMO
2024-08-01,114.03191933745059,114.56793406088859,113.50303680784266,114.2541140904391,2962285,DEMO
2024-08-02,114.2541140904391,114.91413231380311,113.03514854460502,113.09125872629618,4644357,DEMO
2024-08-05,113.09125872629618,114.21247657706668,112.9226052352021,114.19928741824054,1272483,DEMO
2024-08-06,114.19928741824054,116.96265675037984,113.53322765357474,116.57791463044266,2966169,DEMO
2024-08-07,116.57791463044266,120.29496099666405,116.33270940038331,120.15628031185938,4666782,DEMO
2024-08-08,120.15628031185938,120.28784969356458,118.58772801569266,118.91214978291828,2139866,DEMO
2024-08-09,118.91214978291828,121.38863350443525,118.80335191918135,120.93599375839088,3451095,DEMO
2024-08-12,120.93599375839088,122.44472793403395,120.80134484508355,121.5622429359853,2978477,DEMO
2024-08-13,121.5622429359853,125.24615929460495,120.60426777597237,124.59143910901918,4611501,DEMO
2024-08-14,124.59143910901918,125.2249838221334,123.91890028826487,125.20351888594944,3182023,DEMO
2024-08-15,125.20351888594944,129.70439712264672,124.99934859617301,129.67764183303072,3080529,DEMO
2024-08-16,129.67764183303072,130.69574408400075,129.57480302306183,129.63273306461244,2280190,DEMO
2024-08-19,129.63273306461244,133.27459551729103,129.52889534373642,132.9584282352022,4900693,DEMO
2024-08-20,132.9584282352022,134.26917373550725,132.51090601142832,134.1459588078321,1198775,DEMO
2024-08-21,134.1459588078321,134.59780751179474,132.69681410111903,132.97018842064853,2006723,DEMO
2024-08-22,132.97018842064853,133.25561378737387,132.3939738764867,132.65018704384022,2704212,DEMO
2024-08-23,132.65018704384022,135.92093869072076,132.42401336364395,135.5420928101403,3403379,DEMO
2024-08-26,135.5420928101403,136.3518495054767,135.31691741422938,135.5950493105768,1891253,DEMO
2024-08-27,135.5950493105768,135.72594321631155,133.63179671403486,134.02918677534842,1991076,DEMO
2024-08-28,134.02918677534842,135.32113045317584,133.52354665233085,134.9754416949484,1564145,DEMO
2024-08-29,134.9754416949484,135.24248652162595,134.0228883106205,134.2175851511603,4246876,DEMO
2024-08-30,134.2175851511603,140.4599081039161,133.47816311394078,140.2186873875734,4737396,DEMO
2024-09-02,140.2186873875734,140.22008137559502,137.66484223034337,138.41122386780188,1269490,DEMO
2024-09-03,138.41122386780188,139.1697459059575,136.70881880663455,137.0888304839513,2933759,DEMO
2024-09-04,137.0888304839513,137.1153243023014,136.7815323949307,136.85812615915992,2416405,DEMO
2024-09-05,136.85812615915992,139.76825884858434,136.58845671958417,139.68812960024096,3803226,DEMO
2024-09-06,139.68812960024096,139.89009766433145,137.82654086994447,139.46397179671146,1200622,DEMO
2024-09-09,139.46397179671146,139.58499975580327,136.24817678181014,137.03297854286274,1359630,DEMO
2024-09-10,137.03297854286274,137.44348014043007,136.27780011520858,136.6235305427499,3042378,DEMO
2024-09-11,136.6235305427499,140.85190096675132,136.1174625951964,139.84439175137558,2709310,DEMO
2024-09-12,139.84439175137558,140.31982958910746,136.38544210552115,136.7675920373738,4999726,DEMO
2024-09-13,136.7675920373738,137.616036255573,135.85805941689048,136.4235385556431,3503606,DEMO
2024-09-16,136.4235385556431,137.28532295464106,135.41056639357265,135.64084433583406,2839728,DEMO
2024-09-17,135.64084433583406,136.047615292663,133.5688136669207,134.21510808052017,1122980,DEMO
2024-09-18,134.21510808052017,134.5984304588248,131.4295696886345,131.99319290552992,4761584,DEMO
2024-09-19,131.99319290552992,132.80005239774454,130.04461391218263,130.35038460049518,2801653,DEMO
2024-09-20,130.35038460049518,135.64244180239726,130.18035471919958,135.17308958583217,3117480,DEMO
2024-09-23,135.17308958583217,135.1835792744195,131.89804329883992,132.82839003491333,3354103,DEMO
2024-09-24,132.82839003491333,133.1523512225107,130.01392222377385,130.21458521853404,4256231,DEMO
2024-09-25,130.21458521853404,135.81007347858696,130.17714601334376,135.459967159152,3312500,DEMO
2024-09-26,135.459967159152,136.11395322769044,132.98104775154948,133.15601998459223,1257764,DEMO
2024-09-27,133.15601998459223,133.29611643760572,131.64260710267226,131.85742912919818,4710661,DEMO
2024-09-30,131.85742912919818,134.6427301415137,131.71312012706187,134.58354379366168,3596595,DEMO
2024-10-01,134.58354379366168,138.40500684870128,134.25172829818197,137.71826431882363,3241188,DEMO
2024-10-02,137.71826431882363,141.29391447416788,137.39571030071397,141.00025025523672,1732113,DEMO
2024-10-03,141.00025025523672,141.82661517483027,140.40729536208275,141.2748828296803,2760758,DEMO
2024-10-04,141.2748828296803,142.80746071354665,140.9758510781172,142.1306813804033,3591660,DEMO
2024-10-07,142.1306813804033,144.38584444582685,141.93816521849632,144.06798600510993,3252111,DEMO
2024-10-08,144.06798600510993,144.93211864442569,143.71611744270893,144.7250671104657,1760630,DEMO
2024-10-09,144.7250671104657,145.88272422204645,143.7755489680849,145.4234530012393,4909345,DEMO
2024-10-10,145.4234530012393,147.46491403908905,144.96543435378828,146.517753381535,1154706,DEMO
2024-10-11,146.517753381535,147.03850863833182,142.7633315898855,143.1235794174967,3648799,DEMO
2024-10-14,143.1235794174967,145.2698031068088,142.52808297392738,144.92920176360008,2105644,DEMO
2024-10-15,144.92920176360008,145.2674619387636,141.99273294447195,142.39415033265135,4087191,DEMO
2024-10-16,142.39415033265135,142.7826779817264,140.15987515973242,140.2028838043758,3760606,DEMO
2024-10-17,140.2028838043758,140.3025770910817,138.84052920763347,138.93567996760524,3350688,DEMO
2024-10-18,138.93567996760524,139.2820227296825,136.6811830586086,136.77291401215362,2408776,DEMO
2024-10-21,136.77291401215362,136.9085663592968,136.2763151066945,136.60353980989896,4009541,DEMO
2024-10-22,136.60353980989896,137.21773420296572,134.56386142525375,135.7741857571847,1449467,DEMO
2024-10-23,135.7741857571847,137.71547100095358,135.5002682062436,137.25779571588492,4958871,DEMO
2024-10-24,137.25779571588492,137.7878611010235,136.92660552618895,137.4705445701566,3901300,DEMO
2024-10-25,137.4705445701566,141.27915066853802,137.34481494810944,140.85856104988605,4997871,DEMO
2024-10-28,140.85856104988605,141.44384912826453,138.4398080829717,138.44595528981165,2277586,DEMO
2024-10-29,138.44595528981165,140.2831768012882,138.4387950426645,139.48396288412934,2079899,DEMO
2024-10-30,139.48396288412934,139.86868680645478,139.19040166432956,139.59171805806494,2227524,DEMO
2024-10-31,139.59171805806494,139.87181617711656,137.71604688564344,139.18880925726435,2295087,DEMO
2024-11-01,139.18880925726435,140.4252478454122,138.86509762424032,138.95737340219736,1725227,DEMO
2024-11-04,138.95737340219736,140.1473275756798,138.86130851651743,139.69631108081467,2837706,DEMO
2024-11-05,139.69631108081467,139.76970946398743,136.09745240010045,136.5098226007516,2791530,DEMO
2024-11-06,136.5098226007516,137.06155936431435,136.45340760235788,136.77061546016824,3268847,DEMO
2024-11-07,136.77061546016824,140.30347431227182,135.72833404353852,140.22469918437992,1966464,DEMO
2024-11-08,140.22469918437992,140.45157092032898,138.85547209667683,138.92578108620268,2992670,DEMO
2024-11-11,138.92578108620268,139.42469437806125,138.08164383091594,138.36178718296944,1034117,DEMO
2024-11-12,138.36178718296944,141.34091033443875,137.8139405746237,141.28000895351244,2423346,DEMO
2024-11-13,141.28000895351244,141.64518321072086,139.44388328109022,139.7170888243861,3024880,DEMO
2024-11-14,139.7170888243861,140.3162685000645,139.68721472674633,139.68867871382298,1247402,DEMO
2024-11-15,139.68867871382298,142.12775540581174,139.15961434610082,141.1517175390261,1326380,DEMO
2024-11-18,141.1517175390261,141.2246179457872,138.4674510502777,138.60810751473258,2890748,DEMO
2024-11-19,138.60810751473258,141.1956522049714,138.5716876271951,140.8959640318377,4780069,DEMO
2024-11-20,140.8959640318377,142.92538382534218,140.440664684165,142.91300730119872,1960980,DEMO
2024-11-21,142.91300730119872,149.22041434440078,142.73513398344724,149.00404035310308,2951890,DEMO
2024-11-22,149.00404035310308,153.2807483748913,148.88830002173918,153.1708460127997,3565996,DEMO
2024-11-25,153.1708460127997,155.94165255311654,152.71732497430108,155.62817768553427,4592069,DEMO
2024-11-26,155.62817768553427,157.4309463414453,154.5236699057602,155.226670545549,2380305,DEMO
2024-11-27,155.226670545549,156.03534678419683,152.77300767250918,152.80287194628502,3602180,DEMO
2024-11-28,152.80287194628502,153.0436904981345,146.0725710952684,146.72090602282688,4206092,DEMO
2024-11-29,146.72090602282688,147.13621050841147,145.07883207085217,145.5473593541252,1578978,DEMO
2024-12-02,145.5473593541252,146.86526657591384,144.33006782254412,144.88012625876823,1175915,DEMO
2024-12-03,144.88012625876823,144.97287253514222,141.82593274027178,143.00570680702427,2267490,DEMO
2024-12-04,143.00570680702427,145.60141112700038,142.62914342153374,145.0775509493782,1714275,DEMO
2024-12-05,145.0775509493782,145.1585727762748,144.63074535098008,145.06287878883253,1856188,DEMO
2024-12-06,145.06287878883253,145.13610857814515,141.15085987873996,141.21407020623505,2567611,DEMO
2024-12-09,141.21407020623505,141.6886196643919,140.0236696154625,140.59182571662942,4804386,DEMO
2024-12-10,140.59182571662942,143.21074831267532,140.27369362380185,142.8715134803924,1747907,DEMO
2024-12-11,142.8715134803924,147.5570000359725,142.55583929872654,147.13557098953453,4487396,DEMO
2024-12-12,147.13557098953453,149.6846427766577,146.56882276234032,149.22392824091446,2298987,DEMO
2024-12-13,149.22392824091446,150.54339728878608,147.41976776323528,148.39731684765732,3904090,DEMO
2024-12-16,148.39731684765732,148.68108795918852,142.67423089215524,143.1005165641113,1279282,DEMO
2024-12-17,143.1005165641113,146.32145566856974,141.88254564371854,145.45040050450422,1187016,DEMO
2024-12-18,145.45040050450422,149.1391296560046,145.3709799091494,147.97896719656242,2028501,DEMO
2024-12-19,147.97896719656242,148.36421078514974,141.7849439707159,142.36942662586657,2528635,DEMO
2024-12-20,142.36942662586657,142.84183310732098,139.5633130579126,139.84092874087256,3555302,DEMO
2024-12-23,139.84092874087256,140.51899760165603,138.84746141893672,140.3364455993217,2926957,DEMO
2024-12-24,140.3364455993217,140.968507860393,139.02645622556008,139.0555274347601,2575341,DEMO
2024-12-25,139.0555274347601,140.0871257305674,138.28312775820288,139.9954123447415,4501850,DEMO
2024-12-26,139.9954123447415,144.41116691550002,139.043988436348,143.58075620119692,4691073,DEMO
2024-12-27,143.58075620119692,145.57034313797934,143.53310767778697,145.5445297645294,3568149,DEMO
2024-12-30,145.5445297645294,148.33661729070556,145.28018074267118,147.588425740825,2738780,DEMO
2024-12-31,147.588425740825,147.72412611285156,145.54165982038037,146.8401635895368,3430430,DEMO
